id,src,dst,rel,confidence,verification_status,rationale
e-n-source-research-pope-after-ai-2026-06-17-json-afabfe46-describes-n-domain-what-f011f164,n-source-research-pope-after-ai-2026-06-17-json-afabfe46,n-domain-what-comes-next-after-ai-093b9fee,describes,1.0,derived_from_board,The Pope board is the source artifact for this domain map.
e-n-domain-what-comes-next-after-ai-093b9fee-contains-thesis-n-thesis-p1-the-ai-fr-2f3e2afd,n-domain-what-comes-next-after-ai-093b9fee,n-thesis-p1-the-ai-frontier-moves-from-model-access-to-firm-power-siting-b3db70cf,contains_thesis,0.9,derived_from_board,The board domain contains this forecast thesis.
e-n-source-research-pope-after-ai-2026-06-17-json-afabfe46-states-n-thesis-p1-the-b1b1b216,n-source-research-pope-after-ai-2026-06-17-json-afabfe46,n-thesis-p1-the-ai-frontier-moves-from-model-access-to-firm-power-siting-b3db70cf,states,1.0,derived_from_board,The source board states this thesis.
e-n-thesis-p1-the-ai-frontier-moves-from-model-access-to-firm-power-siting-b3db70c-dec597b3,n-thesis-p1-the-ai-frontier-moves-from-model-access-to-firm-power-siting-b3db70cf,n-constraint-contiguous-land-fiber-proximity-behind-the-meter-firm-generation-righ-ced7941b,identifies_constraint,0.7,derived_from_board,The thesis claims this is the binding constraint.
e-n-thesis-p1-the-ai-frontier-moves-from-model-access-to-firm-power-siting-b3db70c-7b7ad9dd,n-thesis-p1-the-ai-frontier-moves-from-model-access-to-firm-power-siting-b3db70cf,n-metric-track-hyperscaler-and-data-center-developer-announcements-that-name-on-si-f5493b8f,resolved_by,0.8,derived_from_board,The forecast clause resolves through this metric.
e-n-constraint-contiguous-land-fiber-proximity-behind-the-meter-firm-generation-ri-b8ad8b80,n-constraint-contiguous-land-fiber-proximity-behind-the-meter-firm-generation-righ-ced7941b,n-metric-track-hyperscaler-and-data-center-developer-announcements-that-name-on-si-f5493b8f,observed_by,0.65,derived_from_board,This metric is an observable proxy for the constraint.
e-n-thesis-p1-the-ai-frontier-moves-from-model-access-to-firm-power-siting-b3db70c-34fea454,n-thesis-p1-the-ai-frontier-moves-from-model-access-to-firm-power-siting-b3db70cf,n-kill-condition-kill-if-by-end-2028-fewer-than-two-hyperscaler-scale-campuses-pub-495cf67f,falsified_by,0.9,derived_from_board,This condition kills or falsifies the thesis.
e-n-thesis-p1-the-ai-frontier-moves-from-model-access-to-firm-power-siting-b3db70c-5c5d276c,n-thesis-p1-the-ai-frontier-moves-from-model-access-to-firm-power-siting-b3db70cf,n-price-channel-transformer-shortage-and-grid-congestion-are-visible-the-residual-1a4676ce,priced_through,0.65,derived_from_board,The pricing gate should inspect this channel.
e-n-thesis-p1-the-ai-frontier-moves-from-model-access-to-firm-power-siting-b3db70c-4972bc05,n-thesis-p1-the-ai-frontier-moves-from-model-access-to-firm-power-siting-b3db70cf,n-buyer-segment-hyperscaler-infrastructure-teams-data-center-developers-power-deve-fd355967,exposes,0.65,derived_from_board,This buyer or operator is exposed to the forecast.
e-n-thesis-p1-the-ai-frontier-moves-from-model-access-to-firm-power-siting-b3db70c-5d82c387,n-thesis-p1-the-ai-frontier-moves-from-model-access-to-firm-power-siting-b3db70cf,n-action-map-sites-by-firm-power-time-to-energize-not-just-land-cost-and-fiber-sec-a462366b,changes_action,0.65,derived_from_board,"If the thesis is right, this action changes now."
e-n-thesis-p1-the-ai-frontier-moves-from-model-access-to-firm-power-siting-b3db70c-4c864bc1,n-thesis-p1-the-ai-frontier-moves-from-model-access-to-firm-power-siting-b3db70cf,n-observable-a-hyperscaler-or-top-data-center-reit-announcing-a-100-mw-plus-campus-ee448776,watched_by,0.75,derived_from_board,This is the earliest observable signal to monitor.
e-n-constraint-contiguous-land-fiber-proximity-behind-the-meter-firm-generation-ri-df248614,n-constraint-contiguous-land-fiber-proximity-behind-the-meter-firm-generation-righ-ced7941b,n-observable-a-hyperscaler-or-top-data-center-reit-announcing-a-100-mw-plus-campus-ee448776,emits_signal,0.65,derived_from_board,The constraint should emit this signal if the thesis is becoming true.
e-n-thesis-p1-the-ai-frontier-moves-from-model-access-to-firm-power-siting-b3db70c-9bc948c7,n-thesis-p1-the-ai-frontier-moves-from-model-access-to-firm-power-siting-b3db70cf,n-winner-geothermal-and-clean-firm-power-developers-d26c8b7d,creates_winner,0.55,derived_from_board,The thesis names this winner: They turn data-center load into a bankable offtake and bypass part of the grid queue.
e-n-thesis-p1-the-ai-frontier-moves-from-model-access-to-firm-power-siting-b3db70c-10322695,n-thesis-p1-the-ai-frontier-moves-from-model-access-to-firm-power-siting-b3db70cf,n-winner-data-center-developers-with-power-secured-land-9d1fcc54,creates_winner,0.55,derived_from_board,"The thesis names this winner: They can sell time-to-energize, not square footage."
e-n-thesis-p1-the-ai-frontier-moves-from-model-access-to-firm-power-siting-b3db70c-42af04e8,n-thesis-p1-the-ai-frontier-moves-from-model-access-to-firm-power-siting-b3db70cf,n-winner-hyperscalers-with-flexible-inference-siting-0745b147,creates_winner,0.55,derived_from_board,The thesis names this winner: Inference workloads can move toward power instead of clustering only near legacy hubs.
e-n-thesis-p1-the-ai-frontier-moves-from-model-access-to-firm-power-siting-b3db70c-56dfdd3a,n-thesis-p1-the-ai-frontier-moves-from-model-access-to-firm-power-siting-b3db70cf,n-loser-grid-dependent-campus-projects-in-congested-markets-aab89810,creates_loser,0.55,derived_from_board,"The thesis names this loser: They face transformer, interconnection, and local consent delays that make announced capacity less real."
e-n-thesis-p1-the-ai-frontier-moves-from-model-access-to-firm-power-siting-b3db70c-4307e16d,n-thesis-p1-the-ai-frontier-moves-from-model-access-to-firm-power-siting-b3db70cf,n-loser-ai-infrastructure-investors-underwriting-shell-capacity-only-19dd6ae3,creates_loser,0.55,derived_from_board,The thesis names this loser: They risk owning buildings that cannot be energized on the underwriting timeline.
e-n-thesis-p1-the-ai-frontier-moves-from-model-access-to-firm-power-siting-b3db70c-b5743779,n-thesis-p1-the-ai-frontier-moves-from-model-access-to-firm-power-siting-b3db70cf,n-constraint-rent-lands-in-developers-and-landowners-with-power-secured-campuses-g-43019856,moves_rent_to,0.55,derived_from_board,Derived from implications.rent_path.
e-n-thesis-p1-the-ai-frontier-moves-from-model-access-to-firm-power-siting-b3db70c-c041d448,n-thesis-p1-the-ai-frontier-moves-from-model-access-to-firm-power-siting-b3db70cf,n-constraint-the-next-constraint-moves-to-drilling-capacity-high-voltage-equipment-6742ca22,creates_next_constraint,0.55,derived_from_board,Derived from implications.next_constraint.
e-n-constraint-contiguous-land-fiber-proximity-behind-the-meter-firm-generation-ri-dd8fb20e,n-constraint-contiguous-land-fiber-proximity-behind-the-meter-firm-generation-righ-ced7941b,n-constraint-the-next-constraint-moves-to-drilling-capacity-high-voltage-equipment-6742ca22,migrates_to,0.55,derived_from_board,The thesis says this constraint creates a next constraint.
e-n-thesis-p1-the-ai-frontier-moves-from-model-access-to-firm-power-siting-b3db70c-a8be82ae,n-thesis-p1-the-ai-frontier-moves-from-model-access-to-firm-power-siting-b3db70cf,n-price-channel-power-secured-land-options-behind-the-meter-ppas-geothermal-develo-8b047c51,reprices,0.55,derived_from_board,Derived from implications.reprices.
e-n-thesis-p1-the-ai-frontier-moves-from-model-access-to-firm-power-siting-b3db70c-82b4592d,n-thesis-p1-the-ai-frontier-moves-from-model-access-to-firm-power-siting-b3db70cf,n-action-data-center-site-selection-ppa-strategy-power-development-partnerships-ca-8454863b,changes_decision,0.55,derived_from_board,Derived from implications.decision_changed.
e-n-thesis-p1-the-ai-frontier-moves-from-model-access-to-firm-power-siting-b3db70c-fc42e049,n-thesis-p1-the-ai-frontier-moves-from-model-access-to-firm-power-siting-b3db70cf,n-action-a-site-that-energizes-12-to-24-months-earlier-can-be-worth-more-than-a-ch-719c385a,justified_by_roi,0.55,derived_from_board,Derived from implications.roi_logic.
e-n-thesis-p1-the-ai-frontier-moves-from-model-access-to-firm-power-siting-b3db70c-613ee922,n-thesis-p1-the-ai-frontier-moves-from-model-access-to-firm-power-siting-b3db70cf,n-forecast-clause-the-ai-frontier-moves-from-model-access-to-firm-power-siting-94c415a1,states_forecast,0.9,derived_from_board,This thesis states a scored forecast clause.
e-n-forecast-clause-the-ai-frontier-moves-from-model-access-to-firm-power-siting-9-ba1b9a6a,n-forecast-clause-the-ai-frontier-moves-from-model-access-to-firm-power-siting-94c415a1,n-constraint-contiguous-land-fiber-proximity-behind-the-meter-firm-generation-righ-ced7941b,conditional_on_constraint,0.75,derived_from_board,The forecast depends on this constraint being binding.
e-n-forecast-clause-the-ai-frontier-moves-from-model-access-to-firm-power-siting-9-eafcac84,n-forecast-clause-the-ai-frontier-moves-from-model-access-to-firm-power-siting-94c415a1,n-metric-track-hyperscaler-and-data-center-developer-announcements-that-name-on-si-f5493b8f,scored_by,0.85,derived_from_board,The forecast is scored through this metric.
e-n-domain-what-comes-next-after-ai-093b9fee-contains-thesis-n-thesis-p2-physical-5dd5b38c,n-domain-what-comes-next-after-ai-093b9fee,n-thesis-p2-physical-ai-s-bottleneck-is-certified-deployment-not-robot-bodies-1a122ecc,contains_thesis,0.9,derived_from_board,The board domain contains this forecast thesis.
e-n-source-research-pope-after-ai-2026-06-17-json-afabfe46-states-n-thesis-p2-phys-97855761,n-source-research-pope-after-ai-2026-06-17-json-afabfe46,n-thesis-p2-physical-ai-s-bottleneck-is-certified-deployment-not-robot-bodies-1a122ecc,states,1.0,derived_from_board,The source board states this thesis.
e-n-thesis-p2-physical-ai-s-bottleneck-is-certified-deployment-not-robot-bodies-1a-99400dba,n-thesis-p2-physical-ai-s-bottleneck-is-certified-deployment-not-robot-bodies-1a122ecc,n-constraint-verified-task-data-sim-to-real-validation-workcell-commissioning-safe-1f01fc96,identifies_constraint,0.7,derived_from_board,The thesis claims this is the binding constraint.
e-n-thesis-p2-physical-ai-s-bottleneck-is-certified-deployment-not-robot-bodies-1a-4c87d2fc,n-thesis-p2-physical-ai-s-bottleneck-is-certified-deployment-not-robot-bodies-1a122ecc,n-metric-track-robot-oems-or-large-integrators-selling-task-libraries-simulation-v-3d361480,resolved_by,0.8,derived_from_board,The forecast clause resolves through this metric.
e-n-constraint-verified-task-data-sim-to-real-validation-workcell-commissioning-sa-2944e098,n-constraint-verified-task-data-sim-to-real-validation-workcell-commissioning-safe-1f01fc96,n-metric-track-robot-oems-or-large-integrators-selling-task-libraries-simulation-v-3d361480,observed_by,0.65,derived_from_board,This metric is an observable proxy for the constraint.
e-n-thesis-p2-physical-ai-s-bottleneck-is-certified-deployment-not-robot-bodies-1a-108f444a,n-thesis-p2-physical-ai-s-bottleneck-is-certified-deployment-not-robot-bodies-1a122ecc,n-kill-condition-kill-if-by-end-2028-humanoid-or-mobile-manipulation-deployments-s-775de1ac,falsified_by,0.9,derived_from_board,This condition kills or falsifies the thesis.
e-n-thesis-p2-physical-ai-s-bottleneck-is-certified-deployment-not-robot-bodies-1a-5c2e2917,n-thesis-p2-physical-ai-s-bottleneck-is-certified-deployment-not-robot-bodies-1a122ecc,n-price-channel-robotics-platform-hype-is-visible-in-private-valuations-and-public-0bf2bb56,priced_through,0.65,derived_from_board,The pricing gate should inspect this channel.
e-n-thesis-p2-physical-ai-s-bottleneck-is-certified-deployment-not-robot-bodies-1a-bb72d7d7,n-thesis-p2-physical-ai-s-bottleneck-is-certified-deployment-not-robot-bodies-1a122ecc,n-buyer-segment-manufacturing-coos-logistics-operators-industrial-automation-integ-82ce522a,exposes,0.65,derived_from_board,This buyer or operator is exposed to the forecast.
e-n-thesis-p2-physical-ai-s-bottleneck-is-certified-deployment-not-robot-bodies-1a-09f98989,n-thesis-p2-physical-ai-s-bottleneck-is-certified-deployment-not-robot-bodies-1a122ecc,n-action-inventory-repeatable-tasks-by-commissioning-burden-and-safety-risk-struct-8215d5fd,changes_action,0.65,derived_from_board,"If the thesis is right, this action changes now."
e-n-thesis-p2-physical-ai-s-bottleneck-is-certified-deployment-not-robot-bodies-1a-40f22aaa,n-thesis-p2-physical-ai-s-bottleneck-is-certified-deployment-not-robot-bodies-1a122ecc,n-observable-a-major-automotive-or-logistics-deployment-where-the-press-release-na-fbf34b88,watched_by,0.75,derived_from_board,This is the earliest observable signal to monitor.
e-n-constraint-verified-task-data-sim-to-real-validation-workcell-commissioning-sa-1e05ed2a,n-constraint-verified-task-data-sim-to-real-validation-workcell-commissioning-safe-1f01fc96,n-observable-a-major-automotive-or-logistics-deployment-where-the-press-release-na-fbf34b88,emits_signal,0.65,derived_from_board,The constraint should emit this signal if the thesis is becoming true.
e-n-thesis-p2-physical-ai-s-bottleneck-is-certified-deployment-not-robot-bodies-1a-a2889b8c,n-thesis-p2-physical-ai-s-bottleneck-is-certified-deployment-not-robot-bodies-1a122ecc,n-winner-nvidia-isaac-cosmos-style-simulation-ecosystems-80c6301a,creates_winner,0.55,derived_from_board,The thesis names this winner: They sit in the validation path between robot policy training and real-world deployment.
e-n-thesis-p2-physical-ai-s-bottleneck-is-certified-deployment-not-robot-bodies-1a-7b14d170,n-thesis-p2-physical-ai-s-bottleneck-is-certified-deployment-not-robot-bodies-1a122ecc,n-winner-industrial-integrators-with-reusable-task-libraries-b6716709,creates_winner,0.55,derived_from_board,The thesis names this winner: They turn one-off commissioning labor into repeatable software-enabled deployment.
e-n-thesis-p2-physical-ai-s-bottleneck-is-certified-deployment-not-robot-bodies-1a-1b813030,n-thesis-p2-physical-ai-s-bottleneck-is-certified-deployment-not-robot-bodies-1a122ecc,n-winner-manufacturers-with-clean-process-data-and-standardized-workcells-c37f1096,creates_winner,0.55,derived_from_board,The thesis names this winner: They become easier customers and capture automation ROI earlier.
e-n-thesis-p2-physical-ai-s-bottleneck-is-certified-deployment-not-robot-bodies-1a-fec223cd,n-thesis-p2-physical-ai-s-bottleneck-is-certified-deployment-not-robot-bodies-1a122ecc,n-loser-undifferentiated-humanoid-oems-0d07ea65,creates_loser,0.55,derived_from_board,The thesis names this loser: Hardware demos do not create durable margin if deployment assurance is owned elsewhere.
e-n-thesis-p2-physical-ai-s-bottleneck-is-certified-deployment-not-robot-bodies-1a-8c9a3067,n-thesis-p2-physical-ai-s-bottleneck-is-certified-deployment-not-robot-bodies-1a122ecc,n-loser-custom-only-automation-integrators-72a805b5,creates_loser,0.55,derived_from_board,The thesis names this loser: Reusable task libraries and simulation reduce the value of bespoke labor.
e-n-thesis-p2-physical-ai-s-bottleneck-is-certified-deployment-not-robot-bodies-1a-812642af,n-thesis-p2-physical-ai-s-bottleneck-is-certified-deployment-not-robot-bodies-1a122ecc,n-constraint-rent-flows-to-simulation-and-validation-platforms-robot-integrators-w-ee2a77d2,moves_rent_to,0.55,derived_from_board,Derived from implications.rent_path.
e-n-thesis-p2-physical-ai-s-bottleneck-is-certified-deployment-not-robot-bodies-1a-b698b31f,n-thesis-p2-physical-ai-s-bottleneck-is-certified-deployment-not-robot-bodies-1a122ecc,n-constraint-the-next-constraint-becomes-high-quality-real-world-task-data-tactile-762add0c,creates_next_constraint,0.55,derived_from_board,Derived from implications.next_constraint.
e-n-constraint-verified-task-data-sim-to-real-validation-workcell-commissioning-sa-dd39509c,n-constraint-verified-task-data-sim-to-real-validation-workcell-commissioning-safe-1f01fc96,n-constraint-the-next-constraint-becomes-high-quality-real-world-task-data-tactile-762add0c,migrates_to,0.55,derived_from_board,The thesis says this constraint creates a next constraint.
e-n-thesis-p2-physical-ai-s-bottleneck-is-certified-deployment-not-robot-bodies-1a-2ad88b7d,n-thesis-p2-physical-ai-s-bottleneck-is-certified-deployment-not-robot-bodies-1a122ecc,n-price-channel-physical-ai-valuation-should-migrate-from-unit-shipments-to-deploy-e5cd43e2,reprices,0.55,derived_from_board,Derived from implications.reprices.
e-n-thesis-p2-physical-ai-s-bottleneck-is-certified-deployment-not-robot-bodies-1a-945f288b,n-thesis-p2-physical-ai-s-bottleneck-is-certified-deployment-not-robot-bodies-1a122ecc,n-action-automation-capex-integrator-selection-pilot-design-safety-certification-b-7942dd95,changes_decision,0.55,derived_from_board,Derived from implications.decision_changed.
e-n-thesis-p2-physical-ai-s-bottleneck-is-certified-deployment-not-robot-bodies-1a-f18a62b7,n-thesis-p2-physical-ai-s-bottleneck-is-certified-deployment-not-robot-bodies-1a122ecc,n-action-a-robot-that-takes-six-months-of-integration-labor-to-deliver-a-narrow-ta-0676de7c,justified_by_roi,0.55,derived_from_board,Derived from implications.roi_logic.
e-n-thesis-p2-physical-ai-s-bottleneck-is-certified-deployment-not-robot-bodies-1a-d386e672,n-thesis-p2-physical-ai-s-bottleneck-is-certified-deployment-not-robot-bodies-1a122ecc,n-forecast-clause-physical-ai-s-bottleneck-is-certified-deployment-not-robot-bodie-5d45981f,states_forecast,0.9,derived_from_board,This thesis states a scored forecast clause.
e-n-forecast-clause-physical-ai-s-bottleneck-is-certified-deployment-not-robot-bod-e93793d8,n-forecast-clause-physical-ai-s-bottleneck-is-certified-deployment-not-robot-bodie-5d45981f,n-constraint-verified-task-data-sim-to-real-validation-workcell-commissioning-safe-1f01fc96,conditional_on_constraint,0.75,derived_from_board,The forecast depends on this constraint being binding.
e-n-forecast-clause-physical-ai-s-bottleneck-is-certified-deployment-not-robot-bod-cc3c00ed,n-forecast-clause-physical-ai-s-bottleneck-is-certified-deployment-not-robot-bodie-5d45981f,n-metric-track-robot-oems-or-large-integrators-selling-task-libraries-simulation-v-3d361480,scored_by,0.85,derived_from_board,The forecast is scored through this metric.
e-n-domain-what-comes-next-after-ai-093b9fee-contains-thesis-n-thesis-p3-autonomou-1167821d,n-domain-what-comes-next-after-ai-093b9fee,n-thesis-p3-autonomous-science-shifts-the-bottleneck-from-model-discovery-to-exper-2d0ad3e9,contains_thesis,0.9,derived_from_board,The board domain contains this forecast thesis.
e-n-source-research-pope-after-ai-2026-06-17-json-afabfe46-states-n-thesis-p3-auto-43f2eb0b,n-source-research-pope-after-ai-2026-06-17-json-afabfe46,n-thesis-p3-autonomous-science-shifts-the-bottleneck-from-model-discovery-to-exper-2d0ad3e9,states,1.0,derived_from_board,The source board states this thesis.
e-n-thesis-p3-autonomous-science-shifts-the-bottleneck-from-model-discovery-to-exp-06e0fb4b,n-thesis-p3-autonomous-science-shifts-the-bottleneck-from-model-discovery-to-exper-2d0ad3e9,n-constraint-robotic-experimental-throughput-with-standardized-metadata-reliable-a-6881a685,identifies_constraint,0.7,derived_from_board,The thesis claims this is the binding constraint.
e-n-thesis-p3-autonomous-science-shifts-the-bottleneck-from-model-discovery-to-exp-a010c3fb,n-thesis-p3-autonomous-science-shifts-the-bottleneck-from-model-discovery-to-exper-2d0ad3e9,n-metric-track-doe-and-national-lab-testbed-awards-pharma-materials-partnerships-t-629546ac,resolved_by,0.8,derived_from_board,The forecast clause resolves through this metric.
e-n-constraint-robotic-experimental-throughput-with-standardized-metadata-reliable-211d0be4,n-constraint-robotic-experimental-throughput-with-standardized-metadata-reliable-a-6881a685,n-metric-track-doe-and-national-lab-testbed-awards-pharma-materials-partnerships-t-629546ac,observed_by,0.65,derived_from_board,This metric is an observable proxy for the constraint.
e-n-thesis-p3-autonomous-science-shifts-the-bottleneck-from-model-discovery-to-exp-0ec42d68,n-thesis-p3-autonomous-science-shifts-the-bottleneck-from-model-discovery-to-exper-2d0ad3e9,n-kill-condition-kill-if-by-2029-model-only-ai-discovery-companies-repeatedly-prod-e47c136a,falsified_by,0.9,derived_from_board,This condition kills or falsifies the thesis.
e-n-thesis-p3-autonomous-science-shifts-the-bottleneck-from-model-discovery-to-exp-939f309b,n-thesis-p3-autonomous-science-shifts-the-bottleneck-from-model-discovery-to-exper-2d0ad3e9,n-price-channel-self-driving-lab-companies-and-lab-automation-vendors-are-funded-b-bd615cc4,priced_through,0.65,derived_from_board,The pricing gate should inspect this channel.
e-n-thesis-p3-autonomous-science-shifts-the-bottleneck-from-model-discovery-to-exp-cdca34e1,n-thesis-p3-autonomous-science-shifts-the-bottleneck-from-model-discovery-to-exper-2d0ad3e9,n-buyer-segment-pharma-r-d-leaders-materials-companies-national-labs-ai-for-scienc-1eecff3d,exposes,0.65,derived_from_board,This buyer or operator is exposed to the forecast.
e-n-thesis-p3-autonomous-science-shifts-the-bottleneck-from-model-discovery-to-exp-b084c13b,n-thesis-p3-autonomous-science-shifts-the-bottleneck-from-model-discovery-to-exper-2d0ad3e9,n-action-audit-which-discovery-programs-are-experiment-limited-secure-access-to-ro-d84da1e0,changes_action,0.65,derived_from_board,"If the thesis is right, this action changes now."
e-n-thesis-p3-autonomous-science-shifts-the-bottleneck-from-model-discovery-to-exp-b1045892,n-thesis-p3-autonomous-science-shifts-the-bottleneck-from-model-discovery-to-exper-2d0ad3e9,n-observable-a-major-pharma-chemicals-or-materials-company-publicly-saying-its-ai-185fa04e,watched_by,0.75,derived_from_board,This is the earliest observable signal to monitor.
e-n-constraint-robotic-experimental-throughput-with-standardized-metadata-reliable-f9cc5292,n-constraint-robotic-experimental-throughput-with-standardized-metadata-reliable-a-6881a685,n-observable-a-major-pharma-chemicals-or-materials-company-publicly-saying-its-ai-185fa04e,emits_signal,0.65,derived_from_board,The constraint should emit this signal if the thesis is becoming true.
e-n-thesis-p3-autonomous-science-shifts-the-bottleneck-from-model-discovery-to-exp-9d4c4efc,n-thesis-p3-autonomous-science-shifts-the-bottleneck-from-model-discovery-to-exper-2d0ad3e9,n-winner-doe-and-national-lab-testbed-ecosystems-365a0451,creates_winner,0.55,derived_from_board,The thesis names this winner: They become shared infrastructure for autonomous discovery workflows.
e-n-thesis-p3-autonomous-science-shifts-the-bottleneck-from-model-discovery-to-exp-d811fe27,n-thesis-p3-autonomous-science-shifts-the-bottleneck-from-model-discovery-to-exper-2d0ad3e9,n-winner-autonomous-lab-operators-and-assay-platforms-3d1656dc,creates_winner,0.55,derived_from_board,The thesis names this winner: They own the throughput and data rights needed to make AI-for-science real.
e-n-thesis-p3-autonomous-science-shifts-the-bottleneck-from-model-discovery-to-exp-6a1c7c64,n-thesis-p3-autonomous-science-shifts-the-bottleneck-from-model-discovery-to-exper-2d0ad3e9,n-winner-r-d-teams-with-strong-metadata-discipline-c928f7ca,creates_winner,0.55,derived_from_board,The thesis names this winner: Their experiments become reusable training signal instead of isolated results.
e-n-thesis-p3-autonomous-science-shifts-the-bottleneck-from-model-discovery-to-exp-a8e570b0,n-thesis-p3-autonomous-science-shifts-the-bottleneck-from-model-discovery-to-exper-2d0ad3e9,n-loser-model-only-discovery-startups-a40e7af2,creates_loser,0.55,derived_from_board,"The thesis names this loser: They can propose more than they can validate, making their output easy to discount."
e-n-thesis-p3-autonomous-science-shifts-the-bottleneck-from-model-discovery-to-exp-74e88e17,n-thesis-p3-autonomous-science-shifts-the-bottleneck-from-model-discovery-to-exper-2d0ad3e9,n-loser-manual-cros-without-automation-or-data-standardization-e3e6bd2c,creates_loser,0.55,derived_from_board,The thesis names this loser: They provide services but not compounding machine-readable learning loops.
e-n-thesis-p3-autonomous-science-shifts-the-bottleneck-from-model-discovery-to-exp-b1c9106f,n-thesis-p3-autonomous-science-shifts-the-bottleneck-from-model-discovery-to-exper-2d0ad3e9,n-constraint-rent-lands-in-autonomous-lab-operators-instrument-integration-platfor-93004089,moves_rent_to,0.55,derived_from_board,Derived from implications.rent_path.
e-n-thesis-p3-autonomous-science-shifts-the-bottleneck-from-model-discovery-to-exp-aaa8f931,n-thesis-p3-autonomous-science-shifts-the-bottleneck-from-model-discovery-to-exper-2d0ad3e9,n-constraint-the-next-constraint-becomes-sample-preparation-protocol-ontologies-in-913a3e9f,creates_next_constraint,0.55,derived_from_board,Derived from implications.next_constraint.
e-n-constraint-robotic-experimental-throughput-with-standardized-metadata-reliable-82083bb0,n-constraint-robotic-experimental-throughput-with-standardized-metadata-reliable-a-6881a685,n-constraint-the-next-constraint-becomes-sample-preparation-protocol-ontologies-in-913a3e9f,migrates_to,0.55,derived_from_board,The thesis says this constraint creates a next constraint.
e-n-thesis-p3-autonomous-science-shifts-the-bottleneck-from-model-discovery-to-exp-81d8a137,n-thesis-p3-autonomous-science-shifts-the-bottleneck-from-model-discovery-to-exper-2d0ad3e9,n-price-channel-autonomous-lab-capacity-assay-contracts-and-proprietary-experiment-48e60072,reprices,0.55,derived_from_board,Derived from implications.reprices.
e-n-thesis-p3-autonomous-science-shifts-the-bottleneck-from-model-discovery-to-exp-c2151df1,n-thesis-p3-autonomous-science-shifts-the-bottleneck-from-model-discovery-to-exper-2d0ad3e9,n-action-r-d-budget-allocation-between-foundation-models-lab-automation-assay-capa-3cfb3627,changes_decision,0.55,derived_from_board,Derived from implications.decision_changed.
e-n-thesis-p3-autonomous-science-shifts-the-bottleneck-from-model-discovery-to-exp-939f2877,n-thesis-p3-autonomous-science-shifts-the-bottleneck-from-model-discovery-to-exper-2d0ad3e9,n-action-a-better-model-has-low-roi-if-every-validation-loop-takes-months-shorteni-97d0d5be,justified_by_roi,0.55,derived_from_board,Derived from implications.roi_logic.
e-n-thesis-p3-autonomous-science-shifts-the-bottleneck-from-model-discovery-to-exp-4655ca92,n-thesis-p3-autonomous-science-shifts-the-bottleneck-from-model-discovery-to-exper-2d0ad3e9,n-forecast-clause-autonomous-science-shifts-the-bottleneck-from-model-discovery-to-60c389a9,states_forecast,0.9,derived_from_board,This thesis states a scored forecast clause.
e-n-forecast-clause-autonomous-science-shifts-the-bottleneck-from-model-discovery-24fbe2db,n-forecast-clause-autonomous-science-shifts-the-bottleneck-from-model-discovery-to-60c389a9,n-constraint-robotic-experimental-throughput-with-standardized-metadata-reliable-a-6881a685,conditional_on_constraint,0.75,derived_from_board,The forecast depends on this constraint being binding.
e-n-forecast-clause-autonomous-science-shifts-the-bottleneck-from-model-discovery-f56ff8a2,n-forecast-clause-autonomous-science-shifts-the-bottleneck-from-model-discovery-to-60c389a9,n-metric-track-doe-and-national-lab-testbed-awards-pharma-materials-partnerships-t-629546ac,scored_by,0.85,derived_from_board,The forecast is scored through this metric.
e-n-domain-what-comes-next-after-ai-093b9fee-contains-thesis-n-thesis-p4-the-consu-553f3227,n-domain-what-comes-next-after-ai-093b9fee,n-thesis-p4-the-consumer-ai-interface-moves-to-always-on-edge-devices-gated-by-the-e6198427,contains_thesis,0.9,derived_from_board,The board domain contains this forecast thesis.
e-n-source-research-pope-after-ai-2026-06-17-json-afabfe46-states-n-thesis-p4-the-916e1f6b,n-source-research-pope-after-ai-2026-06-17-json-afabfe46,n-thesis-p4-the-consumer-ai-interface-moves-to-always-on-edge-devices-gated-by-the-e6198427,states,1.0,derived_from_board,The source board states this thesis.
e-n-thesis-p4-the-consumer-ai-interface-moves-to-always-on-edge-devices-gated-by-t-5d14f1ab,n-thesis-p4-the-consumer-ai-interface-moves-to-always-on-edge-devices-gated-by-the-e6198427,n-constraint-low-power-npus-sensor-fusion-local-memory-privacy-preserving-orchestr-5b1cd0e2,identifies_constraint,0.7,derived_from_board,The thesis claims this is the binding constraint.
e-n-thesis-p4-the-consumer-ai-interface-moves-to-always-on-edge-devices-gated-by-t-46fcf0f8,n-thesis-p4-the-consumer-ai-interface-moves-to-always-on-edge-devices-gated-by-the-e6198427,n-metric-track-commercial-devices-that-run-billion-parameter-local-models-all-day-cdb6953f,resolved_by,0.8,derived_from_board,The forecast clause resolves through this metric.
e-n-constraint-low-power-npus-sensor-fusion-local-memory-privacy-preserving-orches-6206d85b,n-constraint-low-power-npus-sensor-fusion-local-memory-privacy-preserving-orchestr-5b1cd0e2,n-metric-track-commercial-devices-that-run-billion-parameter-local-models-all-day-cdb6953f,observed_by,0.65,derived_from_board,This metric is an observable proxy for the constraint.
e-n-thesis-p4-the-consumer-ai-interface-moves-to-always-on-edge-devices-gated-by-t-968fe74e,n-thesis-p4-the-consumer-ai-interface-moves-to-always-on-edge-devices-gated-by-the-e6198427,n-kill-condition-kill-if-by-end-2028-the-dominant-consumer-ai-usage-remains-cloud-08a46625,falsified_by,0.9,derived_from_board,This condition kills or falsifies the thesis.
e-n-thesis-p4-the-consumer-ai-interface-moves-to-always-on-edge-devices-gated-by-t-309eed70,n-thesis-p4-the-consumer-ai-interface-moves-to-always-on-edge-devices-gated-by-the-e6198427,n-price-channel-chip-and-device-companies-are-announcing-edge-ai-features-the-resi-1a88b543,priced_through,0.65,derived_from_board,The pricing gate should inspect this channel.
e-n-thesis-p4-the-consumer-ai-interface-moves-to-always-on-edge-devices-gated-by-t-27b37784,n-thesis-p4-the-consumer-ai-interface-moves-to-always-on-edge-devices-gated-by-the-e6198427,n-buyer-segment-device-oems-chip-vendors-mobile-os-teams-consumer-ai-app-developer-83d76c60,exposes,0.65,derived_from_board,This buyer or operator is exposed to the forecast.
e-n-thesis-p4-the-consumer-ai-interface-moves-to-always-on-edge-devices-gated-by-t-ad3a17a9,n-thesis-p4-the-consumer-ai-interface-moves-to-always-on-edge-devices-gated-by-the-e6198427,n-action-design-around-local-context-and-power-budgets-build-features-that-improve-e84292d2,changes_action,0.65,derived_from_board,"If the thesis is right, this action changes now."
e-n-thesis-p4-the-consumer-ai-interface-moves-to-always-on-edge-devices-gated-by-t-b66080cb,n-thesis-p4-the-consumer-ai-interface-moves-to-always-on-edge-devices-gated-by-the-e6198427,n-observable-a-google-samsung-apple-or-meta-product-launch-where-the-lead-ai-featu-64a8aa4d,watched_by,0.75,derived_from_board,This is the earliest observable signal to monitor.
e-n-constraint-low-power-npus-sensor-fusion-local-memory-privacy-preserving-orches-24ea25d8,n-constraint-low-power-npus-sensor-fusion-local-memory-privacy-preserving-orchestr-5b1cd0e2,n-observable-a-google-samsung-apple-or-meta-product-launch-where-the-lead-ai-featu-64a8aa4d,emits_signal,0.65,derived_from_board,The constraint should emit this signal if the thesis is becoming true.
e-n-thesis-p4-the-consumer-ai-interface-moves-to-always-on-edge-devices-gated-by-t-a2db33c4,n-thesis-p4-the-consumer-ai-interface-moves-to-always-on-edge-devices-gated-by-the-e6198427,n-winner-qualcomm-apple-samsung-and-other-integrated-edge-ai-silicon-device-player-2ddc356e,creates_winner,0.55,derived_from_board,"The thesis names this winner: They control the NPU, sensors, battery envelope, and developer surfaces."
e-n-thesis-p4-the-consumer-ai-interface-moves-to-always-on-edge-devices-gated-by-t-d7ff3a28,n-thesis-p4-the-consumer-ai-interface-moves-to-always-on-edge-devices-gated-by-the-e6198427,n-winner-privacy-preserving-local-agent-platforms-02e04d29,creates_winner,0.55,derived_from_board,The thesis names this winner: They can access sensitive context without forcing everything into cloud logs.
e-n-thesis-p4-the-consumer-ai-interface-moves-to-always-on-edge-devices-gated-by-t-f14e55a4,n-thesis-p4-the-consumer-ai-interface-moves-to-always-on-edge-devices-gated-by-the-e6198427,n-winner-apps-with-daily-personal-context-loops-64547f6a,creates_winner,0.55,derived_from_board,"The thesis names this winner: Health, mobility, work, and communication features improve with persistent local state."
e-n-thesis-p4-the-consumer-ai-interface-moves-to-always-on-edge-devices-gated-by-t-75136796,n-thesis-p4-the-consumer-ai-interface-moves-to-always-on-edge-devices-gated-by-the-e6198427,n-loser-cloud-only-personal-assistant-apps-280597af,creates_loser,0.55,derived_from_board,The thesis names this loser: They lack trusted continuous context and face rising privacy friction.
e-n-thesis-p4-the-consumer-ai-interface-moves-to-always-on-edge-devices-gated-by-t-d4eeb4a0,n-thesis-p4-the-consumer-ai-interface-moves-to-always-on-edge-devices-gated-by-the-e6198427,n-loser-low-end-device-makers-without-npu-or-sensor-fusion-capability-91e3c771,creates_loser,0.55,derived_from_board,The thesis names this loser: They cannot support the local features users come to expect.
e-n-thesis-p4-the-consumer-ai-interface-moves-to-always-on-edge-devices-gated-by-t-5bb22fc7,n-thesis-p4-the-consumer-ai-interface-moves-to-always-on-edge-devices-gated-by-the-e6198427,n-constraint-rent-lands-in-chip-vendors-with-efficient-npus-oems-with-integrated-s-638a9701,moves_rent_to,0.55,derived_from_board,Derived from implications.rent_path.
e-n-thesis-p4-the-consumer-ai-interface-moves-to-always-on-edge-devices-gated-by-t-0f1d7128,n-thesis-p4-the-consumer-ai-interface-moves-to-always-on-edge-devices-gated-by-the-e6198427,n-constraint-the-next-constraint-becomes-developer-access-to-local-context-without-06ac4d5a,creates_next_constraint,0.55,derived_from_board,Derived from implications.next_constraint.
e-n-constraint-low-power-npus-sensor-fusion-local-memory-privacy-preserving-orches-87bf5702,n-constraint-low-power-npus-sensor-fusion-local-memory-privacy-preserving-orchestr-5b1cd0e2,n-constraint-the-next-constraint-becomes-developer-access-to-local-context-without-06ac4d5a,migrates_to,0.55,derived_from_board,The thesis says this constraint creates a next constraint.
e-n-thesis-p4-the-consumer-ai-interface-moves-to-always-on-edge-devices-gated-by-t-ac20a730,n-thesis-p4-the-consumer-ai-interface-moves-to-always-on-edge-devices-gated-by-the-e6198427,n-price-channel-npu-rich-device-boms-sensor-vendors-secure-local-memory-and-os-lev-18ff8362,reprices,0.55,derived_from_board,Derived from implications.reprices.
e-n-thesis-p4-the-consumer-ai-interface-moves-to-always-on-edge-devices-gated-by-t-ca304d44,n-thesis-p4-the-consumer-ai-interface-moves-to-always-on-edge-devices-gated-by-the-e6198427,n-action-hardware-roadmap-npu-vendor-selection-app-architecture-privacy-posture-an-a5a169c1,changes_decision,0.55,derived_from_board,Derived from implications.decision_changed.
e-n-thesis-p4-the-consumer-ai-interface-moves-to-always-on-edge-devices-gated-by-t-da088dad,n-thesis-p4-the-consumer-ai-interface-moves-to-always-on-edge-devices-gated-by-the-e6198427,n-action-always-on-local-context-can-raise-retention-and-trust-while-cloud-only-in-5fe9dee4,justified_by_roi,0.55,derived_from_board,Derived from implications.roi_logic.
e-n-thesis-p4-the-consumer-ai-interface-moves-to-always-on-edge-devices-gated-by-t-8b6298ab,n-thesis-p4-the-consumer-ai-interface-moves-to-always-on-edge-devices-gated-by-the-e6198427,n-forecast-clause-the-consumer-ai-interface-moves-to-always-on-edge-devices-gated-bd117153,states_forecast,0.9,derived_from_board,This thesis states a scored forecast clause.
e-n-forecast-clause-the-consumer-ai-interface-moves-to-always-on-edge-devices-gate-7c7d17c2,n-forecast-clause-the-consumer-ai-interface-moves-to-always-on-edge-devices-gated-bd117153,n-constraint-low-power-npus-sensor-fusion-local-memory-privacy-preserving-orchestr-5b1cd0e2,conditional_on_constraint,0.75,derived_from_board,The forecast depends on this constraint being binding.
e-n-forecast-clause-the-consumer-ai-interface-moves-to-always-on-edge-devices-gate-79ebac13,n-forecast-clause-the-consumer-ai-interface-moves-to-always-on-edge-devices-gated-bd117153,n-metric-track-commercial-devices-that-run-billion-parameter-local-models-all-day-cdb6953f,scored_by,0.85,derived_from_board,The forecast is scored through this metric.
e-n-domain-what-comes-next-after-ai-093b9fee-contains-thesis-n-thesis-p5-biomanufa-2743ca96,n-domain-what-comes-next-after-ai-093b9fee,n-thesis-p5-biomanufacturing-s-bottleneck-is-scale-up-not-ai-organism-design-fdaccd13,contains_thesis,0.9,derived_from_board,The board domain contains this forecast thesis.
e-n-source-research-pope-after-ai-2026-06-17-json-afabfe46-states-n-thesis-p5-biom-1a31513c,n-source-research-pope-after-ai-2026-06-17-json-afabfe46,n-thesis-p5-biomanufacturing-s-bottleneck-is-scale-up-not-ai-organism-design-fdaccd13,states,1.0,derived_from_board,The source board states this thesis.
e-n-thesis-p5-biomanufacturing-s-bottleneck-is-scale-up-not-ai-organism-design-fda-ec51f181,n-thesis-p5-biomanufacturing-s-bottleneck-is-scale-up-not-ai-organism-design-fdaccd13,n-constraint-pilot-and-commercial-scale-fermentation-downstream-processing-strain-787e5b3c,identifies_constraint,0.7,derived_from_board,The thesis claims this is the binding constraint.
e-n-thesis-p5-biomanufacturing-s-bottleneck-is-scale-up-not-ai-organism-design-fda-33a5a4ec,n-thesis-p5-biomanufacturing-s-bottleneck-is-scale-up-not-ai-organism-design-fdaccd13,n-metric-track-ai-designed-or-engineered-bio-products-that-fail-or-delay-on-cogs-a-e2bd431f,resolved_by,0.8,derived_from_board,The forecast clause resolves through this metric.
e-n-constraint-pilot-and-commercial-scale-fermentation-downstream-processing-strai-8f89daa8,n-constraint-pilot-and-commercial-scale-fermentation-downstream-processing-strain-787e5b3c,n-metric-track-ai-designed-or-engineered-bio-products-that-fail-or-delay-on-cogs-a-e2bd431f,observed_by,0.65,derived_from_board,This metric is an observable proxy for the constraint.
e-n-thesis-p5-biomanufacturing-s-bottleneck-is-scale-up-not-ai-organism-design-fda-4ac4cebb,n-thesis-p5-biomanufacturing-s-bottleneck-is-scale-up-not-ai-organism-design-fdaccd13,n-kill-condition-kill-if-by-2030-multiple-ai-designed-industrial-bio-products-reac-ac6e6352,falsified_by,0.9,derived_from_board,This condition kills or falsifies the thesis.
e-n-thesis-p5-biomanufacturing-s-bottleneck-is-scale-up-not-ai-organism-design-fda-202965c4,n-thesis-p5-biomanufacturing-s-bottleneck-is-scale-up-not-ai-organism-design-fdaccd13,n-price-channel-biomanufacturing-capacity-and-cdmo-services-are-visible-but-scale-f4411b7f,priced_through,0.65,derived_from_board,The pricing gate should inspect this channel.
e-n-thesis-p5-biomanufacturing-s-bottleneck-is-scale-up-not-ai-organism-design-fda-0b046014,n-thesis-p5-biomanufacturing-s-bottleneck-is-scale-up-not-ai-organism-design-fdaccd13,n-buyer-segment-industrial-biotech-founders-chemicals-strategics-food-and-material-e3eac0ee,exposes,0.65,derived_from_board,This buyer or operator is exposed to the forecast.
e-n-thesis-p5-biomanufacturing-s-bottleneck-is-scale-up-not-ai-organism-design-fda-3f1ba3a9,n-thesis-p5-biomanufacturing-s-bottleneck-is-scale-up-not-ai-organism-design-fdaccd13,n-action-underwrite-ai-bio-companies-on-scale-up-evidence-cogs-path-downstream-pro-df763145,changes_action,0.65,derived_from_board,"If the thesis is right, this action changes now."
e-n-thesis-p5-biomanufacturing-s-bottleneck-is-scale-up-not-ai-organism-design-fda-a39be893,n-thesis-p5-biomanufacturing-s-bottleneck-is-scale-up-not-ai-organism-design-fdaccd13,n-observable-a-well-funded-ai-bio-or-synbio-company-delaying-launch-because-pilot-8f7cfc9e,watched_by,0.75,derived_from_board,This is the earliest observable signal to monitor.
e-n-constraint-pilot-and-commercial-scale-fermentation-downstream-processing-strai-4a735386,n-constraint-pilot-and-commercial-scale-fermentation-downstream-processing-strain-787e5b3c,n-observable-a-well-funded-ai-bio-or-synbio-company-delaying-launch-because-pilot-8f7cfc9e,emits_signal,0.65,derived_from_board,The constraint should emit this signal if the thesis is becoming true.
e-n-thesis-p5-biomanufacturing-s-bottleneck-is-scale-up-not-ai-organism-design-fda-4dd72342,n-thesis-p5-biomanufacturing-s-bottleneck-is-scale-up-not-ai-organism-design-fdaccd13,n-winner-bioprocess-cdmos-and-pilot-fermentation-operators-381f838e,creates_winner,0.55,derived_from_board,The thesis names this winner: They own the scarce bridge from strain to commercial product.
e-n-thesis-p5-biomanufacturing-s-bottleneck-is-scale-up-not-ai-organism-design-fda-4cb3fd3d,n-thesis-p5-biomanufacturing-s-bottleneck-is-scale-up-not-ai-organism-design-fdaccd13,n-winner-strategics-with-existing-fermentation-and-downstream-assets-cbfcc552,creates_winner,0.55,derived_from_board,The thesis names this winner: They can industrialize AI-generated designs faster than pure software-led entrants.
e-n-thesis-p5-biomanufacturing-s-bottleneck-is-scale-up-not-ai-organism-design-fda-27fd507f,n-thesis-p5-biomanufacturing-s-bottleneck-is-scale-up-not-ai-organism-design-fdaccd13,n-winner-ai-bio-teams-with-process-development-built-in-eef450db,creates_winner,0.55,derived_from_board,The thesis names this winner: They can select designs for manufacturability instead of novelty.
e-n-thesis-p5-biomanufacturing-s-bottleneck-is-scale-up-not-ai-organism-design-fda-83bdb893,n-thesis-p5-biomanufacturing-s-bottleneck-is-scale-up-not-ai-organism-design-fdaccd13,n-loser-design-only-ai-bio-startups-da4907cc,creates_loser,0.55,derived_from_board,"The thesis names this loser: They face valuation compression when customers ask for yield, cost, and qualified volume."
e-n-thesis-p5-biomanufacturing-s-bottleneck-is-scale-up-not-ai-organism-design-fda-ebf0a09a,n-thesis-p5-biomanufacturing-s-bottleneck-is-scale-up-not-ai-organism-design-fdaccd13,n-loser-commodity-bio-products-relying-only-on-green-premium-demand-60ee9c36,creates_loser,0.55,derived_from_board,The thesis names this loser: Nature's review notes commercial viability ultimately needs price parity or a tangible product benefit.
e-n-thesis-p5-biomanufacturing-s-bottleneck-is-scale-up-not-ai-organism-design-fda-46842fa2,n-thesis-p5-biomanufacturing-s-bottleneck-is-scale-up-not-ai-organism-design-fdaccd13,n-constraint-rent-lands-in-companies-with-process-development-talent-qualified-pil-8295600b,moves_rent_to,0.55,derived_from_board,Derived from implications.rent_path.
e-n-thesis-p5-biomanufacturing-s-bottleneck-is-scale-up-not-ai-organism-design-fda-958c18fc,n-thesis-p5-biomanufacturing-s-bottleneck-is-scale-up-not-ai-organism-design-fdaccd13,n-constraint-the-next-constraint-becomes-low-cost-feedstock-contamination-control-d7ca6628,creates_next_constraint,0.55,derived_from_board,Derived from implications.next_constraint.
e-n-constraint-pilot-and-commercial-scale-fermentation-downstream-processing-strai-e2d1c44d,n-constraint-pilot-and-commercial-scale-fermentation-downstream-processing-strain-787e5b3c,n-constraint-the-next-constraint-becomes-low-cost-feedstock-contamination-control-d7ca6628,migrates_to,0.55,derived_from_board,The thesis says this constraint creates a next constraint.
e-n-thesis-p5-biomanufacturing-s-bottleneck-is-scale-up-not-ai-organism-design-fda-9ae7446b,n-thesis-p5-biomanufacturing-s-bottleneck-is-scale-up-not-ai-organism-design-fdaccd13,n-price-channel-pilot-fermentation-slots-downstream-processing-assets-process-deve-518ff8e8,reprices,0.55,derived_from_board,Derived from implications.reprices.
e-n-thesis-p5-biomanufacturing-s-bottleneck-is-scale-up-not-ai-organism-design-fda-6a91535f,n-thesis-p5-biomanufacturing-s-bottleneck-is-scale-up-not-ai-organism-design-fdaccd13,n-action-investment-diligence-partnership-timing-pilot-plant-capex-cdmo-contractin-4eff088f,changes_decision,0.55,derived_from_board,Derived from implications.decision_changed.
e-n-thesis-p5-biomanufacturing-s-bottleneck-is-scale-up-not-ai-organism-design-fda-2936e474,n-thesis-p5-biomanufacturing-s-bottleneck-is-scale-up-not-ai-organism-design-fdaccd13,n-action-early-access-to-pilot-and-downstream-capacity-can-turn-designs-into-quali-e59402fc,justified_by_roi,0.55,derived_from_board,Derived from implications.roi_logic.
e-n-thesis-p5-biomanufacturing-s-bottleneck-is-scale-up-not-ai-organism-design-fda-571dc7d8,n-thesis-p5-biomanufacturing-s-bottleneck-is-scale-up-not-ai-organism-design-fdaccd13,n-forecast-clause-biomanufacturing-s-bottleneck-is-scale-up-not-ai-organism-design-3fa4d5d5,states_forecast,0.9,derived_from_board,This thesis states a scored forecast clause.
e-n-forecast-clause-biomanufacturing-s-bottleneck-is-scale-up-not-ai-organism-desi-a90d31fa,n-forecast-clause-biomanufacturing-s-bottleneck-is-scale-up-not-ai-organism-design-3fa4d5d5,n-constraint-pilot-and-commercial-scale-fermentation-downstream-processing-strain-787e5b3c,conditional_on_constraint,0.75,derived_from_board,The forecast depends on this constraint being binding.
e-n-forecast-clause-biomanufacturing-s-bottleneck-is-scale-up-not-ai-organism-desi-5f6718d1,n-forecast-clause-biomanufacturing-s-bottleneck-is-scale-up-not-ai-organism-design-3fa4d5d5,n-metric-track-ai-designed-or-engineered-bio-products-that-fail-or-delay-on-cogs-a-e2bd431f,scored_by,0.85,derived_from_board,The forecast is scored through this metric.
e-n-domain-what-comes-next-after-ai-093b9fee-contains-thesis-n-thesis-p6-agentic-a-ca5d571f,n-domain-what-comes-next-after-ai-093b9fee,n-thesis-p6-agentic-ai-s-scarce-layer-becomes-authority-auditability-and-rollback-16ecbf23,contains_thesis,0.9,derived_from_board,The board domain contains this forecast thesis.
e-n-source-research-pope-after-ai-2026-06-17-json-afabfe46-states-n-thesis-p6-agen-99d845b2,n-source-research-pope-after-ai-2026-06-17-json-afabfe46,n-thesis-p6-agentic-ai-s-scarce-layer-becomes-authority-auditability-and-rollback-16ecbf23,states,1.0,derived_from_board,The source board states this thesis.
e-n-thesis-p6-agentic-ai-s-scarce-layer-becomes-authority-auditability-and-rollbac-dd549419,n-thesis-p6-agentic-ai-s-scarce-layer-becomes-authority-auditability-and-rollback-16ecbf23,n-constraint-identity-permissioning-tool-access-control-audit-trails-reversible-ex-961ac68e,identifies_constraint,0.7,derived_from_board,The thesis claims this is the binding constraint.
e-n-thesis-p6-agentic-ai-s-scarce-layer-becomes-authority-auditability-and-rollbac-a4813d72,n-thesis-p6-agentic-ai-s-scarce-layer-becomes-authority-auditability-and-rollback-16ecbf23,n-metric-track-enterprise-rfps-requiring-agent-audit-logs-least-privilege-controls-0101da5f,resolved_by,0.8,derived_from_board,The forecast clause resolves through this metric.
e-n-constraint-identity-permissioning-tool-access-control-audit-trails-reversible-d7f44815,n-constraint-identity-permissioning-tool-access-control-audit-trails-reversible-ex-961ac68e,n-metric-track-enterprise-rfps-requiring-agent-audit-logs-least-privilege-controls-0101da5f,observed_by,0.65,derived_from_board,This metric is an observable proxy for the constraint.
e-n-thesis-p6-agentic-ai-s-scarce-layer-becomes-authority-auditability-and-rollbac-98e20edb,n-thesis-p6-agentic-ai-s-scarce-layer-becomes-authority-auditability-and-rollback-16ecbf23,n-kill-condition-kill-if-by-mid-2028-large-enterprises-widely-deploy-multi-step-ag-aad663ee,falsified_by,0.9,derived_from_board,This condition kills or falsifies the thesis.
e-n-thesis-p6-agentic-ai-s-scarce-layer-becomes-authority-auditability-and-rollbac-2cb11395,n-thesis-p6-agentic-ai-s-scarce-layer-becomes-authority-auditability-and-rollback-16ecbf23,n-price-channel-ai-security-and-governance-are-increasingly-visible-the-narrower-e-956a0669,priced_through,0.65,derived_from_board,The pricing gate should inspect this channel.
e-n-thesis-p6-agentic-ai-s-scarce-layer-becomes-authority-auditability-and-rollbac-17909105,n-thesis-p6-agentic-ai-s-scarce-layer-becomes-authority-auditability-and-rollback-16ecbf23,n-buyer-segment-cisos-cios-compliance-leaders-insurers-enterprise-software-buyers-a655b54c,exposes,0.65,derived_from_board,This buyer or operator is exposed to the forecast.
e-n-thesis-p6-agentic-ai-s-scarce-layer-becomes-authority-auditability-and-rollbac-d82144b1,n-thesis-p6-agentic-ai-s-scarce-layer-becomes-authority-auditability-and-rollback-16ecbf23,n-action-design-agent-deployments-around-authority-boundaries-first-least-privileg-f22a49ab,changes_action,0.65,derived_from_board,"If the thesis is right, this action changes now."
e-n-thesis-p6-agentic-ai-s-scarce-layer-becomes-authority-auditability-and-rollbac-f98517f0,n-thesis-p6-agentic-ai-s-scarce-layer-becomes-authority-auditability-and-rollback-16ecbf23,n-observable-a-fortune-500-rfp-insurance-policy-or-regulator-explicitly-requiring-ef635ec0,watched_by,0.75,derived_from_board,This is the earliest observable signal to monitor.
e-n-constraint-identity-permissioning-tool-access-control-audit-trails-reversible-a9562cdf,n-constraint-identity-permissioning-tool-access-control-audit-trails-reversible-ex-961ac68e,n-observable-a-fortune-500-rfp-insurance-policy-or-regulator-explicitly-requiring-ef635ec0,emits_signal,0.65,derived_from_board,The constraint should emit this signal if the thesis is becoming true.
e-n-thesis-p6-agentic-ai-s-scarce-layer-becomes-authority-auditability-and-rollbac-88c6ca42,n-thesis-p6-agentic-ai-s-scarce-layer-becomes-authority-auditability-and-rollback-16ecbf23,n-winner-identity-and-access-management-vendors-9ae1bd74,creates_winner,0.55,derived_from_board,"The thesis names this winner: Agent authority maps naturally onto permissioning, secrets, and least-privilege workflows."
e-n-thesis-p6-agentic-ai-s-scarce-layer-becomes-authority-auditability-and-rollbac-df6ef862,n-thesis-p6-agentic-ai-s-scarce-layer-becomes-authority-auditability-and-rollback-16ecbf23,n-winner-agent-orchestration-platforms-with-audit-and-rollback-95d048c9,creates_winner,0.55,derived_from_board,The thesis names this winner: They become the control plane for letting agents touch real systems.
e-n-thesis-p6-agentic-ai-s-scarce-layer-becomes-authority-auditability-and-rollbac-909d93b3,n-thesis-p6-agentic-ai-s-scarce-layer-becomes-authority-auditability-and-rollback-16ecbf23,n-winner-insurers-and-compliance-tooling-providers-871922f7,creates_winner,0.55,derived_from_board,The thesis names this winner: They can turn auditable controls into underwritable risk.
e-n-thesis-p6-agentic-ai-s-scarce-layer-becomes-authority-auditability-and-rollbac-cb53601d,n-thesis-p6-agentic-ai-s-scarce-layer-becomes-authority-auditability-and-rollback-16ecbf23,n-loser-prompt-only-agent-frameworks-d3538993,creates_loser,0.55,derived_from_board,"The thesis names this loser: They cannot satisfy buyers who need proof, rollback, and authority boundaries."
e-n-thesis-p6-agentic-ai-s-scarce-layer-becomes-authority-auditability-and-rollbac-820ff1bb,n-thesis-p6-agentic-ai-s-scarce-layer-becomes-authority-auditability-and-rollback-16ecbf23,n-loser-model-vendors-that-ignore-enterprise-control-planes-eb7233f9,creates_loser,0.55,derived_from_board,The thesis names this loser: Capability alone does not clear procurement for regulated action.
e-n-thesis-p6-agentic-ai-s-scarce-layer-becomes-authority-auditability-and-rollbac-e43ebc1e,n-thesis-p6-agentic-ai-s-scarce-layer-becomes-authority-auditability-and-rollback-16ecbf23,n-constraint-rent-lands-in-identity-security-vendors-agent-orchestration-platforms-b74ae714,moves_rent_to,0.55,derived_from_board,Derived from implications.rent_path.
e-n-thesis-p6-agentic-ai-s-scarce-layer-becomes-authority-auditability-and-rollbac-e13f9c70,n-thesis-p6-agentic-ai-s-scarce-layer-becomes-authority-auditability-and-rollback-16ecbf23,n-constraint-the-next-constraint-becomes-standard-evidence-formats-for-agent-actio-affe5fb4,creates_next_constraint,0.55,derived_from_board,Derived from implications.next_constraint.
e-n-constraint-identity-permissioning-tool-access-control-audit-trails-reversible-ab797315,n-constraint-identity-permissioning-tool-access-control-audit-trails-reversible-ex-961ac68e,n-constraint-the-next-constraint-becomes-standard-evidence-formats-for-agent-actio-affe5fb4,migrates_to,0.55,derived_from_board,The thesis says this constraint creates a next constraint.
e-n-thesis-p6-agentic-ai-s-scarce-layer-becomes-authority-auditability-and-rollbac-335c7f82,n-thesis-p6-agentic-ai-s-scarce-layer-becomes-authority-auditability-and-rollback-16ecbf23,n-price-channel-agent-security-budgets-identity-control-spend-audit-log-infrastruc-180609c8,reprices,0.55,derived_from_board,Derived from implications.reprices.
e-n-thesis-p6-agentic-ai-s-scarce-layer-becomes-authority-auditability-and-rollbac-00af9fff,n-thesis-p6-agentic-ai-s-scarce-layer-becomes-authority-auditability-and-rollback-16ecbf23,n-action-enterprise-ai-procurement-security-architecture-insurance-underwriting-co-bf1e6768,changes_decision,0.55,derived_from_board,Derived from implications.decision_changed.
e-n-thesis-p6-agentic-ai-s-scarce-layer-becomes-authority-auditability-and-rollbac-55bbffe0,n-thesis-p6-agentic-ai-s-scarce-layer-becomes-authority-auditability-and-rollback-16ecbf23,n-action-a-controlled-agent-can-be-deployed-into-high-value-workflows-that-an-unco-55ff9969,justified_by_roi,0.55,derived_from_board,Derived from implications.roi_logic.
e-n-thesis-p6-agentic-ai-s-scarce-layer-becomes-authority-auditability-and-rollbac-d329828d,n-thesis-p6-agentic-ai-s-scarce-layer-becomes-authority-auditability-and-rollback-16ecbf23,n-forecast-clause-agentic-ai-s-scarce-layer-becomes-authority-auditability-and-rol-cef6ed39,states_forecast,0.9,derived_from_board,This thesis states a scored forecast clause.
e-n-forecast-clause-agentic-ai-s-scarce-layer-becomes-authority-auditability-and-r-bf35c660,n-forecast-clause-agentic-ai-s-scarce-layer-becomes-authority-auditability-and-rol-cef6ed39,n-constraint-identity-permissioning-tool-access-control-audit-trails-reversible-ex-961ac68e,conditional_on_constraint,0.75,derived_from_board,The forecast depends on this constraint being binding.
e-n-forecast-clause-agentic-ai-s-scarce-layer-becomes-authority-auditability-and-r-f27b0270,n-forecast-clause-agentic-ai-s-scarce-layer-becomes-authority-auditability-and-rol-cef6ed39,n-metric-track-enterprise-rfps-requiring-agent-audit-logs-least-privilege-controls-0101da5f,scored_by,0.85,derived_from_board,The forecast is scored through this metric.
